{
  "sensor_482010026": {
    "pinn_mae": 1.927685260772705,
    "pinn_rmse": 4.690163612365723,
    "nn2_mae": 0.7317633032798767,
    "nn2_rmse": 4.059972763061523,
    "improvement": 62.03927486655408
  },
  "sensor_482010057": {
    "pinn_mae": 2.012526273727417,
    "pinn_rmse": 3.4032576084136963,
    "nn2_mae": 0.9789060354232788,
    "nn2_rmse": 2.589400291442871,
    "improvement": 51.35934133121957
  },
  "sensor_482010069": {
    "pinn_mae": 1.9312200546264648,
    "pinn_rmse": 3.527012586593628,
    "nn2_mae": 0.27764222025871277,
    "nn2_rmse": 0.8190751671791077,
    "improvement": 85.62348088745308
  },
  "sensor_482010617": {
    "pinn_mae": 1.972111463546753,
    "pinn_rmse": 2.6879682540893555,
    "nn2_mae": 0.41852283477783203,
    "nn2_rmse": 0.674307644367218,
    "improvement": 78.7779320533365
  },
  "sensor_482010803": {
    "pinn_mae": 1.343095064163208,
    "pinn_rmse": 2.051121950149536,
    "nn2_mae": 0.3671453893184662,
    "nn2_rmse": 1.3948322534561157,
    "improvement": 72.66422912906691
  },
  "sensor_482011015": {
    "pinn_mae": 1.6432088613510132,
    "pinn_rmse": 5.793085098266602,
    "nn2_mae": 0.9417397379875183,
    "nn2_rmse": 5.598740577697754,
    "improvement": 42.688981289132116
  },
  "sensor_482011035": {
    "pinn_mae": 1.5741732120513916,
    "pinn_rmse": 2.1288719177246094,
    "nn2_mae": 0.290968120098114,
    "nn2_rmse": 0.5502322912216187,
    "improvement": 81.5161306347643
  },
  "sensor_482011039": {
    "pinn_mae": 1.5003652572631836,
    "pinn_rmse": 3.94646954536438,
    "nn2_mae": 0.48598432540893555,
    "nn2_rmse": 3.5257749557495117,
    "improvement": 67.60893235455082
  },
  "sensor_482016000": {
    "pinn_mae": 2.6189322471618652,
    "pinn_rmse": 6.741735458374023,
    "nn2_mae": 0.4399685859680176,
    "nn2_rmse": 0.828255295753479,
    "improvement": 83.20045940688954
  }
}