{
  "0": {
    "held_out": {
      "pinn_mae": 0.6476625800132751,
      "pinn_rmse": 1.6566555500030518,
      "nn2_mae": 0.39742448925971985,
      "nn2_rmse": 0.7352767586708069,
      "improvement": 38.637108036784554,
      "n_valid": 4395
    },
    "training_sensors_avg": {
      "nn2_mae": 0.31036131642758846,
      "improvement": 47.98151242848316
    }
  },
  "1": {
    "held_out": {
      "pinn_mae": 0.70218425989151,
      "pinn_rmse": 1.1554254293441772,
      "nn2_mae": 0.5378877520561218,
      "nn2_rmse": 0.7606745958328247,
      "improvement": 23.397919494916135,
      "n_valid": 4088
    },
    "training_sensors_avg": {
      "nn2_mae": 0.6735543236136436,
      "improvement": -10.777530582234146
    }
  },
  "2": {
    "held_out": {
      "pinn_mae": 0.65420001745224,
      "pinn_rmse": 1.1979576349258423,
      "nn2_mae": 0.3288383185863495,
      "nn2_rmse": 0.683618426322937,
      "improvement": 49.73428465089327,
      "n_valid": 4402
    },
    "training_sensors_avg": {
      "nn2_mae": 0.31429423391819,
      "improvement": 49.43876604839417
    }
  },
  "3": {
    "held_out": {
      "pinn_mae": 0.6658318638801575,
      "pinn_rmse": 0.910351037979126,
      "nn2_mae": 0.38207611441612244,
      "nn2_rmse": 0.6702045202255249,
      "improvement": 42.6167272636126,
      "n_valid": 4284
    },
    "training_sensors_avg": {
      "nn2_mae": 0.3283740747720003,
      "improvement": 43.80241070971124
    }
  },
  "4": {
    "held_out": {
      "pinn_mae": 0.444204181432724,
      "pinn_rmse": 0.6664097309112549,
      "nn2_mae": 0.2705620527267456,
      "nn2_rmse": 0.37830230593681335,
      "improvement": 39.09061102169679,
      "n_valid": 4151
    },
    "training_sensors_avg": {
      "nn2_mae": 0.3743096962571144,
      "improvement": 39.0313211061347
    }
  },
  "5": {
    "held_out": {
      "pinn_mae": 0.5777437090873718,
      "pinn_rmse": 2.5013108253479004,
      "nn2_mae": 0.4286375641822815,
      "nn2_rmse": 0.645479679107666,
      "improvement": 25.80835456272205,
      "n_valid": 4376
    },
    "training_sensors_avg": {
      "nn2_mae": 0.48142122849822044,
      "improvement": 22.914313810118244
    }
  },
  "6": {
    "held_out": {
      "pinn_mae": 0.5284622311592102,
      "pinn_rmse": 0.7015565037727356,
      "nn2_mae": 0.2742258906364441,
      "nn2_rmse": 0.42698630690574646,
      "improvement": 48.10870588898758,
      "n_valid": 4007
    },
    "training_sensors_avg": {
      "nn2_mae": 0.3404393158853054,
      "improvement": 44.220271704876566
    }
  },
  "7": {
    "held_out": {
      "pinn_mae": 0.5143381953239441,
      "pinn_rmse": 1.3683680295944214,
      "nn2_mae": 0.3161795139312744,
      "nn2_rmse": 0.5830345153808594,
      "improvement": 38.526923178991986,
      "n_valid": 3741
    },
    "training_sensors_avg": {
      "nn2_mae": 0.44057511538267136,
      "improvement": 28.466418202944098
    }
  },
  "8": {
    "held_out": {
      "pinn_mae": 1.1787984371185303,
      "pinn_rmse": 3.05718731880188,
      "nn2_mae": 0.9813727140426636,
      "nn2_rmse": 1.613684892654419,
      "improvement": 16.748047576179065,
      "n_valid": 4224
    },
    "training_sensors_avg": {
      "nn2_mae": 0.3903791718184948,
      "improvement": 47.66015232252516
    }
  }
}