{
  "0": {
    "held_out": {
      "pinn_mae": 0.2559516429901123,
      "pinn_rmse": 1.578252911567688,
      "nn2_mae": 0.14649716019630432,
      "nn2_rmse": 0.30586180090904236,
      "improvement": 42.76373517869402,
      "n_valid": 5102
    },
    "training_sensors_avg": {
      "nn2_mae": 0.14729179767891765,
      "improvement": 37.98084697363326
    }
  },
  "1": {
    "held_out": {
      "pinn_mae": 0.7328252196311951,
      "pinn_rmse": 2.508812427520752,
      "nn2_mae": 0.26838409900665283,
      "nn2_rmse": 0.5325702428817749,
      "improvement": 63.37679274442534,
      "n_valid": 4730
    },
    "training_sensors_avg": {
      "nn2_mae": 0.13030306762084365,
      "improvement": 46.673802598198236
    }
  },
  "2": {
    "held_out": {
      "pinn_mae": 0.24098452925682068,
      "pinn_rmse": 0.8129734992980957,
      "nn2_mae": 0.15865451097488403,
      "nn2_rmse": 0.4042389690876007,
      "improvement": 34.164026435986,
      "n_valid": 5123
    },
    "training_sensors_avg": {
      "nn2_mae": 0.17139477794989944,
      "improvement": 25.768932052968587
    }
  },
  "3": {
    "held_out": {
      "pinn_mae": 0.06222875043749809,
      "pinn_rmse": 0.16779322922229767,
      "nn2_mae": 0.05027040094137192,
      "nn2_rmse": 0.14893285930156708,
      "improvement": 19.216759796803274,
      "n_valid": 4959
    },
    "training_sensors_avg": {
      "nn2_mae": 0.16974357329308987,
      "improvement": 37.738002264823024
    }
  },
  "4": {
    "held_out": {
      "pinn_mae": 0.2174260914325714,
      "pinn_rmse": 0.6259484887123108,
      "nn2_mae": 0.1289362907409668,
      "nn2_rmse": 0.26782768964767456,
      "improvement": 40.69879567284924,
      "n_valid": 4796
    },
    "training_sensors_avg": {
      "nn2_mae": 0.15400653379037976,
      "improvement": 36.94307878402463
    }
  },
  "5": {
    "held_out": {
      "pinn_mae": 0.4387498199939728,
      "pinn_rmse": 2.476752996444702,
      "nn2_mae": 0.2749408483505249,
      "nn2_rmse": 0.643984854221344,
      "improvement": 37.335393469950176,
      "n_valid": 5073
    },
    "training_sensors_avg": {
      "nn2_mae": 0.16600617161020637,
      "improvement": 29.607425708698482
    }
  },
  "6": {
    "held_out": {
      "pinn_mae": 0.21890060603618622,
      "pinn_rmse": 0.8003992438316345,
      "nn2_mae": 0.10934048891067505,
      "nn2_rmse": 0.2526215612888336,
      "improvement": 50.05016619615932,
      "n_valid": 4658
    },
    "training_sensors_avg": {
      "nn2_mae": 0.13486958434805274,
      "improvement": 42.997274304018525
    }
  },
  "7": {
    "held_out": {
      "pinn_mae": 0.18135963380336761,
      "pinn_rmse": 1.283649206161499,
      "nn2_mae": 0.09359274804592133,
      "nn2_rmse": 0.331682950258255,
      "improvement": 48.39383710523161,
      "n_valid": 4345
    },
    "training_sensors_avg": {
      "nn2_mae": 0.13365955278277397,
      "improvement": 44.853845437694616
    }
  },
  "8": {
    "held_out": {
      "pinn_mae": 0.24506902694702148,
      "pinn_rmse": 2.354219675064087,
      "nn2_mae": 0.11308540403842926,
      "nn2_rmse": 0.5610693693161011,
      "improvement": 53.85569304811586,
      "n_valid": 4867
    },
    "training_sensors_avg": {
      "nn2_mae": 0.12411365006119013,
      "improvement": 58.38355975455451
    }
  }
}