{
  "0": {
    "held_out": {
      "pinn_mae": 0.6476625800132751,
      "pinn_rmse": 1.6566555500030518,
      "nn2_mae": 0.16986607015132904,
      "nn2_rmse": 0.5033636093139648,
      "improvement": 73.77244333803455,
      "n_valid": 4395
    },
    "training_sensors_avg": {
      "nn2_mae": 0.15524556767195463,
      "improvement": 73.92394004089104
    }
  },
  "1": {
    "held_out": {
      "pinn_mae": 0.70218425989151,
      "pinn_rmse": 1.1554254293441772,
      "nn2_mae": 0.177137091755867,
      "nn2_rmse": 0.2613266408443451,
      "improvement": 74.77341748115582,
      "n_valid": 4088
    },
    "training_sensors_avg": {
      "nn2_mae": 0.16924935020506382,
      "improvement": 71.50363029017093
    }
  },
  "2": {
    "held_out": {
      "pinn_mae": 0.65420001745224,
      "pinn_rmse": 1.1979576349258423,
      "nn2_mae": 0.22409971058368683,
      "nn2_rmse": 0.35674917697906494,
      "improvement": 65.74446582003534,
      "n_valid": 4402
    },
    "training_sensors_avg": {
      "nn2_mae": 0.22889356687664986,
      "improvement": 62.49917318030663
    }
  },
  "3": {
    "held_out": {
      "pinn_mae": 0.6658318638801575,
      "pinn_rmse": 0.910351037979126,
      "nn2_mae": 0.17789846658706665,
      "nn2_rmse": 0.2751149535179138,
      "improvement": 73.28177333683651,
      "n_valid": 4284
    },
    "training_sensors_avg": {
      "nn2_mae": 0.1514617595821619,
      "improvement": 74.20978242615462
    }
  },
  "4": {
    "held_out": {
      "pinn_mae": 0.444204181432724,
      "pinn_rmse": 0.6664097309112549,
      "nn2_mae": 0.1869422048330307,
      "nn2_rmse": 0.2542709708213806,
      "improvement": 57.91525324456145,
      "n_valid": 4151
    },
    "training_sensors_avg": {
      "nn2_mae": 0.2660398315638304,
      "improvement": 56.98415489320673
    }
  },
  "5": {
    "held_out": {
      "pinn_mae": 0.5777437090873718,
      "pinn_rmse": 2.5013108253479004,
      "nn2_mae": 0.17218731343746185,
      "nn2_rmse": 0.35599881410598755,
      "improvement": 70.19659223819916,
      "n_valid": 4376
    },
    "training_sensors_avg": {
      "nn2_mae": 0.19948900118470192,
      "improvement": 68.17129604689633
    }
  },
  "6": {
    "held_out": {
      "pinn_mae": 0.5284622311592102,
      "pinn_rmse": 0.7015565037727356,
      "nn2_mae": 0.11664485931396484,
      "nn2_rmse": 0.20365238189697266,
      "improvement": 77.92749369087397,
      "n_valid": 4007
    },
    "training_sensors_avg": {
      "nn2_mae": 0.15747348591685295,
      "improvement": 73.92813029847247
    }
  },
  "7": {
    "held_out": {
      "pinn_mae": 0.5143381953239441,
      "pinn_rmse": 1.3683680295944214,
      "nn2_mae": 0.12535402178764343,
      "nn2_rmse": 0.4738312065601349,
      "improvement": 75.62809394144021,
      "n_valid": 3741
    },
    "training_sensors_avg": {
      "nn2_mae": 0.15650327876210213,
      "improvement": 74.47031544084832
    }
  },
  "8": {
    "held_out": {
      "pinn_mae": 1.1787984371185303,
      "pinn_rmse": 3.05718731880188,
      "nn2_mae": 0.328188955783844,
      "nn2_rmse": 0.6224121451377869,
      "improvement": 72.15902689979185,
      "n_valid": 4224
    },
    "training_sensors_avg": {
      "nn2_mae": 0.2091660536825657,
      "improvement": 71.75472552599506
    }
  }
}