{
  "0": {
    "held_out": {
      "pinn_mae": 0.6476625800132751,
      "pinn_rmse": 1.6566555500030518,
      "nn2_mae": 0.5652574300765991,
      "nn2_rmse": 0.7442101240158081,
      "improvement": 12.723469361930245,
      "n_valid": 4395
    },
    "training_sensors_avg": {
      "nn2_mae": 0.41347474604845047,
      "improvement": 30.791431300050032
    }
  },
  "1": {
    "held_out": {
      "pinn_mae": 0.70218425989151,
      "pinn_rmse": 1.1554254293441772,
      "nn2_mae": 0.2673323154449463,
      "nn2_rmse": 0.3591610789299011,
      "improvement": 61.92846654149581,
      "n_valid": 4088
    },
    "training_sensors_avg": {
      "nn2_mae": 0.30001090094447136,
      "improvement": 50.19862698305909
    }
  },
  "2": {
    "held_out": {
      "pinn_mae": 0.65420001745224,
      "pinn_rmse": 1.1979576349258423,
      "nn2_mae": 0.3395139276981354,
      "nn2_rmse": 0.6938765645027161,
      "improvement": 48.10242759999289,
      "n_valid": 4402
    },
    "training_sensors_avg": {
      "nn2_mae": 0.3512123078107834,
      "improvement": 43.36202004430571
    }
  },
  "3": {
    "held_out": {
      "pinn_mae": 0.6658318638801575,
      "pinn_rmse": 0.910351037979126,
      "nn2_mae": 0.37602949142456055,
      "nn2_rmse": 0.6519820690155029,
      "improvement": 43.524857877297116,
      "n_valid": 4284
    },
    "training_sensors_avg": {
      "nn2_mae": 0.31949794478714466,
      "improvement": 45.17981150615981
    }
  },
  "4": {
    "held_out": {
      "pinn_mae": 0.444204181432724,
      "pinn_rmse": 0.6664097309112549,
      "nn2_mae": 0.4120367169380188,
      "nn2_rmse": 0.5463786721229553,
      "improvement": 7.241594257612151,
      "n_valid": 4151
    },
    "training_sensors_avg": {
      "nn2_mae": 0.603488203138113,
      "improvement": 3.63348043509552
    }
  },
  "5": {
    "held_out": {
      "pinn_mae": 0.5777437090873718,
      "pinn_rmse": 2.5013108253479004,
      "nn2_mae": 0.525856614112854,
      "nn2_rmse": 1.011818766593933,
      "improvement": 8.980988309934322,
      "n_valid": 4376
    },
    "training_sensors_avg": {
      "nn2_mae": 0.5727599151432514,
      "improvement": 8.27264108406614
    }
  },
  "6": {
    "held_out": {
      "pinn_mae": 0.5284622311592102,
      "pinn_rmse": 0.7015565037727356,
      "nn2_mae": 0.32430705428123474,
      "nn2_rmse": 0.501509964466095,
      "improvement": 38.6319333417925,
      "n_valid": 4007
    },
    "training_sensors_avg": {
      "nn2_mae": 0.42255960777401924,
      "improvement": 30.686232696244588
    }
  },
  "7": {
    "held_out": {
      "pinn_mae": 0.5143381953239441,
      "pinn_rmse": 1.3683680295944214,
      "nn2_mae": 0.32776543498039246,
      "nn2_rmse": 0.5530224442481995,
      "improvement": 36.27433506586908,
      "n_valid": 3741
    },
    "training_sensors_avg": {
      "nn2_mae": 0.46490591391921043,
      "improvement": 24.792870282832443
    }
  },
  "8": {
    "held_out": {
      "pinn_mae": 1.1787984371185303,
      "pinn_rmse": 3.05718731880188,
      "nn2_mae": 0.740409255027771,
      "nn2_rmse": 1.5322390794754028,
      "improvement": 37.18949468259928,
      "n_valid": 4224
    },
    "training_sensors_avg": {
      "nn2_mae": 0.3639077804982662,
      "improvement": 50.92196870094918
    }
  }
}